GEOID,BDNAME,overlap_m2,frac_of_tract,frac_of_neighborhood
27053104002,Como,1158001.485937,0.301603,0.396747
27053104002,Mid - City Industrial,2676806.336922,0.697178,0.982543
27053104002,Beltrami,43.94184,1.1e-05,7.5e-05
27053104002,Marcy Holmes,4637.368914,0.001208,0.002142
27053980100,Hiawatha,578.470806,0.000156,0.00018
27053980100,Minnehaha,373.482964,0.000101,0.000242
27053980100,Morris Park,280.170232,7.6e-05,0.000201
27053003801,Downtown East,6145.070576,0.009936,0.006456
27053003801,Beltrami,9.960765,1.6e-05,1.7e-05
27053003801,Marcy Holmes,612301.277232,0.990048,0.282817
27053003802,Downtown East,9.005478,2.9e-05,9e-06
27053003802,Cedar Riverside,106.774275,0.000346,7.2e-05
27053003802,University of Minnesota,39.094583,0.000127,2.3e-05
27053003802,Marcy Holmes,308680.229883,0.999499,0.142577
27053126202,Downtown West,1443.344884,0.001886,0.000749
27053126202,Near - North,64.876057,8.5e-05,2.4e-05
27053126202,North Loop,761649.808049,0.995106,0.34434
27053126202,Nicollet Island - East Bank,2237.597371,0.002923,0.00345
27053126102,Downtown West,791376.609642,0.456127,0.410756
27053126102,Downtown East,923046.679364,0.532018,0.969698
27053126102,North Loop,3150.5897,0.001816,0.001424
27053126102,Elliot Park,623.206958,0.000359,0.000636
27053126102,Marcy Holmes,16792.889008,0.009679,0.007757
27053126101,Downtown West,354458.114365,0.970656,0.183978
27053126101,Downtown East,10.731019,2.9e-05,1.1e-05
27053126101,North Loop,2724.396577,0.007461,0.001232
27053126101,Nicollet Island - East Bank,3561.14933,0.009752,0.005491
27053126101,Marcy Holmes,4419.310233,0.012102,0.002041
27053024904,Diamond Lake,30.767411,1.7e-05,1.2e-05
27053104001,Como,1740923.891213,0.992558,0.596464
27053104001,Prospect Park - East River Road,5006.483189,0.002854,0.001518
27053104001,University of Minnesota,3309.603031,0.001887,0.001949
27053104001,Marcy Holmes,4506.941798,0.00257,0.002082
27053104902,Prospect Park - East River Road,750094.539462,0.999458,0.227411
27053104902,University of Minnesota,407.117262,0.000542,0.00024
27053104801,Downtown East,4844.67903,0.016552,0.00509
27053104801,Ventura Village,4084.823563,0.013956,0.003483
27053104801,Cedar Riverside,279105.340578,0.953575,0.187795
27053104801,Seward,1534.88762,0.005244,0.000588
27053104801,Elliot Park,3123.767541,0.010672,0.003186
27053104901,Cedar Riverside,12308.184572,0.008226,0.008281
27053104901,Prospect Park - East River Road,83789.760149,0.056,0.025403
27053104901,University of Minnesota,1369583.084791,0.915345,0.806485
27053104901,Marcy Holmes,30567.653786,0.02043,0.014119
27053126201,Downtown West,28.048819,1.9e-05,1.5e-05
27053126201,Sumner - Glenwood,10432.589521,0.007147,0.019574
27053126201,Near - North,23145.693146,0.015856,0.008425
27053126201,Harrison,1376.627455,0.000943,0.000935
27053126201,Loring Park,5925.049041,0.004059,0.004893
27053126201,North Loop,1418056.406507,0.971446,0.641101
27053126201,Lowry Hill,772.890083,0.000529,0.000494
27053126300,Jordan,1.202096,1e-06,1e-06
27053126300,Hawthorne,697863.322822,0.335278,0.28525
27053126300,Near - North,1381070.336496,0.663515,0.502692
27053126300,North Loop,2512.219723,0.001207,0.001136
27053104802,Downtown East,15776.10807,0.01056,0.016573
27053104802,Cedar Riverside,1187424.548553,0.794805,0.798952
27053104802,Prospect Park - East River Road,99.075569,6.6e-05,3e-05
27053104802,University of Minnesota,272426.074853,0.182349,0.160419
27053104802,Seward,17740.146958,0.011874,0.006795
27053104802,Marcy Holmes,516.753808,0.000346,0.000239
27053125900,Ventura Village,1315.08405,0.001254,0.001121
27053125900,Seward,3126.932696,0.002981,0.001198
27053125900,Longfellow,10151.6293,0.009677,0.0046
27053125900,East Phillips,1034393.304405,0.986002,0.9981
27053125900,Midtown Phillips,2.725972,3e-06,3e-06
27053125900,Powderhorn Park,2.316119,2e-06,1e-06
27053125900,Corcoran,86.559734,8.3e-05,7.3e-05
27053126000,Phillips West,977071.886406,0.990358,0.986599
27053126000,Ventura Village,543.416641,0.000551,0.000463
27053126000,Midtown Phillips,2148.349883,0.002178,0.002239
27053126000,Central,109.352996,0.000111,7.2e-05
27053126000,Powderhorn Park,0.000389,0.0,0.0
27053126000,Whittier,6711.221564,0.006802,0.003201
27053111100,Hiawatha,11274.549578,0.004843,0.00351
27053111100,Ericsson,2314262.26859,0.994007,0.981674
27053111100,Minnehaha,18.736339,8e-06,1.2e-05
27053111100,Keewaydin,2433.892148,0.001045,0.001068
27053111100,Standish,164.715136,7.1e-05,7.8e-05
27053111100,Northrop,60.12754,2.6e-05,3.3e-05
27053111200,Fulton,1128900.170541,0.999884,0.498775
27053111200,Linden Hills,39.633699,3.5e-05,1.1e-05
27053111300,Fulton,645101.687812,0.363497,0.285021
27053111300,Lynnhurst,647846.238728,0.365043,0.251522
27053111300,Kenny,79.78585,4.5e-05,4.8e-05
27053111300,Armatage,481683.402207,0.271415,0.251355
27053111400,Windom,483.289704,0.000336,0.000254
27053111400,Tangletown,165.304575,0.000115,9.2e-05
27053111400,Lynnhurst,953555.164278,0.662789,0.370212
27053111400,Kenny,484336.48092,0.336648,0.291207
27053111400,Armatage,161.467532,0.000112,8.4e-05
27053111500,Windom,791792.853115,0.36225,0.416609
27053111500,Field,6074.476855,0.002779,0.006789
27053111500,Page,8417.44049,0.003851,0.009884
27053111500,Diamond Lake,8582.058203,0.003926,0.003218
27053111500,Tangletown,1363344.991527,0.623738,0.759612
27053111500,Lynnhurst,44.131854,2e-05,1.7e-05
27053111500,Kenny,7508.887688,0.003435,0.004515
27053111600,Field,504789.324062,0.378284,0.564193
27053111600,Page,829564.716837,0.621667,0.974142
27053111600,Diamond Lake,35.584586,2.7e-05,1.3e-05
27053111600,Hale,12.816136,1e-05,1e-05
27053111600,Northrop,17.861035,1.3e-05,1e-05
27053100200,Lind - Bohanon,2251.632932,0.001475,0.001084
27053100200,Webber - Camden,782807.045395,0.512847,0.327223
27053100200,Victory,738414.652167,0.483764,0.417263
27053100200,Humboldt Industrial Area,242.007263,0.000159,0.000341
27053100400,Webber - Camden,1607935.369096,0.828764,0.672136
27053100400,Victory,133.845061,6.9e-05,7.6e-05
27053100400,Folwell,99.019458,5.1e-05,6.9e-05
27053100400,McKinley,1095.910244,0.000565,0.000691
27053100400,Camden Industrial,317349.026772,0.163568,0.412881
27053100400,Columbia Park,8384.581724,0.004322,0.002162
27053100400,Marshall Terrace,5163.831699,0.002662,0.002837
27053100500,Bottineau,480.59489,0.000147,0.000657
27053100500,Hawthorne,24.466989,7e-06,1e-05
27053100500,Holland,1144.029319,0.00035,0.000829
27053100500,McKinley,30014.703995,0.009188,0.018936
27053100500,Columbia Park,1463964.741051,0.448143,0.377511
27053100500,Marshall Terrace,1771015.400874,0.542136,0.972917
27053100900,Webber - Camden,24.497194,1.3e-05,1e-05
27053100900,Jordan,4.116326,2e-06,2e-06
27053100900,Hawthorne,485.261467,0.000253,0.000198
27053100900,Folwell,357935.754452,0.186846,0.248285
27053100900,McKinley,1553845.38629,0.811123,0.980322
27053100900,Camden Industrial,0.164787,0.0,0.0
27053100900,Marshall Terrace,3376.751499,0.001763,0.001855
27053102100,Jordan,715214.40177,0.993011,0.346929
27053102100,Hawthorne,839.636485,0.001166,0.000343
27053102100,Willard - Hay,3207.586511,0.004453,0.00117
27053102100,Near - North,986.464657,0.00137,0.000359
27053102600,Como,2888.691897,0.001133,0.00099
27053102600,Logan Park,2677.644816,0.00105,0.003354
27053102600,Windom Park,9671.231766,0.003793,0.006197
27053102600,Mid - City Industrial,47207.092865,0.018515,0.017328
27053102600,Northeast Park,1892701.141912,0.742333,0.999149
27053102600,St. Anthony East,7.797757,3e-06,1.5e-05
27053102600,Beltrami,585754.551525,0.229738,0.998373
27053102600,Marcy Holmes,411.229509,0.000161,0.00019
27053102800,Jordan,48.666918,5.7e-05,2.4e-05
27053102800,Willard - Hay,604787.426847,0.702542,0.220581
27053102800,Near - North,256019.454113,0.297401,0.093188
27053103000,Near - North,29327.810746,0.028717,0.010675
27053103000,North Loop,13882.199636,0.013593,0.006276
27053103000,Sheridan,28.922637,2.8e-05,2.9e-05
27053103000,St. Anthony West,977681.081827,0.957324,0.772274
27053103000,St. Anthony East,123.915487,0.000121,0.000237
27053103000,Nicollet Island - East Bank,220.559394,0.000216,0.00034
27053103100,Sheridan,0.076037,0.0,0.0
27053103100,Logan Park,476.051271,0.000907,0.000596
27053103100,Northeast Park,8.251431,1.6e-05,4e-06
27053103100,St. Anthony West,250.818627,0.000478,0.000198
27053103100,St. Anthony East,521946.207795,0.99392,0.998952
27053103100,Beltrami,735.971979,0.001401,0.001254
27053103100,Nicollet Island - East Bank,114.782727,0.000219,0.000177
27053103100,Marcy Holmes,1606.674129,0.00306,0.000742
27053103400,Sumner - Glenwood,520376.457572,0.540378,0.976364
27053103400,Near - North,430959.06134,0.447523,0.156864
27053103400,Harrison,4361.417617,0.004529,0.002961
27053103400,North Loop,7289.718977,0.00757,0.003296
27053103600,North Loop,1073.015027,0.001154,0.000485
27053103600,St. Anthony West,286708.102742,0.308395,0.226472
27053103600,St. Anthony East,245.881518,0.000264,0.000471
27053103600,Nicollet Island - East Bank,640171.79596,0.688596,0.987141
27053103600,Marcy Holmes,1478.007992,0.00159,0.000683
27053103700,St. Anthony East,136.019451,0.000149,0.00026
27053103700,Beltrami,164.976443,0.000181,0.000281
27053103700,Nicollet Island - East Bank,2204.996326,0.002416,0.0034
27053103700,Marcy Holmes,910345.474154,0.997255,0.420482
27053104100,Sumner - Glenwood,2164.931187,0.001472,0.004062
27053104100,Willard - Hay,8429.656878,0.005732,0.003075
27053104100,Near - North,9130.026968,0.006208,0.003323
27053104100,Harrison,1450205.083675,0.98614,0.984476
27053104100,Bryn - Mawr,656.858996,0.000447,0.000196
27053104400,Downtown West,777604.970705,0.987545,0.403608
27053104400,Loring Park,8235.684776,0.010459,0.006802
27053104400,North Loop,1570.609161,0.001995,0.00071
27053104400,Elliot Park,0.579009,1e-06,1e-06
27053105100,Harrison,15679.73709,0.005042,0.010644
27053105100,Bryn - Mawr,3087394.927547,0.992844,0.922941
27053105100,Cedar - Isles - Dean,281.876847,9.1e-05,0.000152
27053105100,Kenwood,584.206069,0.000188,0.000343
27053105100,Lowry Hill,3629.041515,0.001167,0.002318
27053105400,Downtown West,620.486847,0.001135,0.000322
27053105400,Downtown East,1074.05213,0.001964,0.001128
27053105400,Loring Park,719.616505,0.001316,0.000594
27053105400,Elliot Park,544339.765598,0.995585,0.555183
27053105500,Harrison,790.208647,0.000518,0.000536
27053105500,Loring Park,58.575424,3.8e-05,4.8e-05
27053105500,North Loop,0.076011,0.0,0.0
27053105500,Lowry Hill East,13.568313,9e-06,1.3e-05
27053105500,Bryn - Mawr,1147.494149,0.000752,0.000343
27053105500,Kenwood,1758.045876,0.001153,0.001031
27053105500,Lowry Hill,1521128.556415,0.997394,0.971752
27053105500,East Isles,206.392357,0.000135,0.000234
27053105700,Loring Park,6997.463673,0.025796,0.005779
27053105700,Steven's Square - Loring Heights,264208.266725,0.973985,0.549185
27053105700,Whittier,59.616967,0.00022,2.8e-05
27053106200,Ventura Village,3961.990613,0.005999,0.003378
27053106200,Seward,656500.917703,0.994001,0.251453
27053106500,Bryn - Mawr,244785.327436,0.063555,0.073176
27053106500,Cedar - Isles - Dean,1705957.538982,0.442926,0.92071
27053106500,Kenwood,1702025.290294,0.441905,0.998626
27053106500,Lowry Hill,32725.864501,0.008497,0.020906
27053106500,East Isles,162590.911687,0.042214,0.184667
27053106500,West Maka Ska,3259.501392,0.000846,0.001889
27053106600,Lowry Hill East,744.441859,0.001237,0.000699
27053106600,Cedar - Isles - Dean,211.286075,0.000351,0.000114
27053106600,Lowry Hill,22.388674,3.7e-05,1.4e-05
27053106600,East Isles,600898.124626,0.998375,0.682485
27053106900,Phillips West,4842.966961,0.009546,0.00489
27053106900,Steven's Square - Loring Heights,23.944675,4.7e-05,5e-05
27053106900,Whittier,502453.173931,0.990407,0.239671
27053107000,Lowry Hill East,32.482343,6.8e-05,3.1e-05
27053107000,Whittier,478694.216918,0.999932,0.228338
27053107400,Cooper,27.55454,3.2e-05,1.6e-05
27053107400,Seward,41.55564,4.9e-05,1.6e-05
27053107400,Longfellow,855914.041514,0.999919,0.387838
27053107500,Prospect Park - East River Road,536.252112,0.000353,0.000163
27053107500,Cooper,807.572853,0.000532,0.000471
27053107500,Seward,1320397.874688,0.869549,0.50574
27053107500,Longfellow,196744.022738,0.129566,0.08915
27053107600,Howe,99.765313,5.7e-05,3.6e-05
27053107600,Prospect Park - East River Road,12058.329912,0.006882,0.003656
27053107600,Cooper,1694555.550174,0.96715,0.989243
27053107600,Seward,388.070214,0.000221,0.000149
27053107600,Longfellow,32730.831391,0.018681,0.014831
27053108700,Howe,8005.027144,0.007177,0.002909
27053108700,Standish,394190.685356,0.353434,0.186702
27053108700,Longfellow,8117.922898,0.007279,0.003678
27053108700,East Phillips,57.657135,5.2e-05,5.6e-05
27053108700,Corcoran,704943.9639,0.632058,0.597404
27053108800,Howe,512099.056269,0.39277,0.186072
27053108800,Longfellow,791716.041822,0.60723,0.358748
27053108900,Howe,482932.271678,0.607793,0.175474
27053108900,Cooper,121.389022,0.000153,7.1e-05
27053108900,Longfellow,311512.94964,0.392054,0.141155
27053109000,Howe,902224.689223,0.964788,0.327825
27053109000,Cooper,704.414875,0.000753,0.000411
27053109100,Linden Hills,1464524.920963,0.360805,0.408745
27053109100,East Harriet,156203.153237,0.038483,0.048597
27053109100,Cedar - Isles - Dean,134438.853849,0.033121,0.072557
27053109100,East Bde Maka Ska,575363.951012,0.141749,0.506822
27053109100,West Maka Ska,1721894.4105,0.424212,0.997706
27053108000,Lowry Hill East,6.531525,1e-05,6e-06
27053108000,South Uptown,443.912116,0.00065,0.000466
27053108000,East Harriet,51.650949,7.6e-05,1.6e-05
27053108000,Cedar - Isles - Dean,6368.608574,0.00932,0.003437
27053108000,East Isles,116663.376531,0.170737,0.132503
27053108000,East Bde Maka Ska,559758.852298,0.819208,0.493076
27053109300,South Uptown,13.200007,1.5e-05,1.4e-05
27053109300,East Harriet,5.997571,7e-06,2e-06
27053109300,King Field,430369.605807,0.496671,0.19944
27053109300,Central,8390.854725,0.009684,0.00556
27053109300,Bryant,16.047599,1.9e-05,2.1e-05
27053109300,Lyndale,427713.489283,0.493605,0.341619
27053109700,Bancroft,87.740059,0.000168,9.2e-05
27053109700,Standish,160890.310449,0.308388,0.076203
27053109700,Powderhorn Park,360546.886974,0.691081,0.190218
27053109700,Corcoran,189.54897,0.000363,0.000161
27053109800,Fulton,425.087895,0.000293,0.000188
27053109800,Linden Hills,1448880.075557,0.999682,0.404379
27053109900,Fulton,68795.778232,0.017138,0.030396
27053109900,Lynnhurst,309471.026066,0.077095,0.12015
27053109900,South Uptown,962.592536,0.00024,0.00101
27053109900,Regina,3.729923,1e-06,5e-06
27053109900,Linden Hills,399192.331695,0.099446,0.111414
27053109900,East Harriet,2364229.614168,0.588972,0.735545
27053109900,King Field,863726.389041,0.21517,0.400265
27053109900,Bryant,7707.673438,0.00192,0.009952
27053109900,East Bde Maka Ska,71.632102,1.8e-05,6.3e-05
27053110100,Ericsson,102.145866,0.000119,4.3e-05
27053110100,Bancroft,478748.669129,0.55732,0.500782
27053110100,Standish,379869.812556,0.442213,0.179919
27053110100,Northrop,45.648863,5.3e-05,2.5e-05
27053110100,Powderhorn Park,253.518151,0.000295,0.000134
27053110200,Howe,3921.068931,0.00331,0.001425
27053110200,Hiawatha,3520.765044,0.002973,0.001096
27053110200,Ericsson,874.997623,0.000739,0.000371
27053110200,Standish,1176122.076243,0.992978,0.557052
27053101200,Audubon Park,711216.54112,0.438842,0.412267
27053101200,Windom Park,906621.542907,0.559413,0.580958
27053101200,Northeast Park,1226.571406,0.000757,0.000648
27053101200,Waite Park,427.887369,0.000264,0.000187
27053110400,Howe,460180.465065,0.457442,0.167207
27053110400,Hiawatha,545806.956718,0.542558,0.169926
27053110500,Howe,382691.791781,0.121764,0.139052
27053110500,Hiawatha,2631780.031902,0.837376,0.819351
27053110500,Minnehaha,53089.298276,0.016892,0.034427
27053110800,Field,4091.543828,0.003125,0.004573
27053110800,Tangletown,431144.557021,0.32932,0.24022
27053110800,Lynnhurst,35.298612,2.7e-05,1.4e-05
27053110800,Regina,10501.689417,0.008021,0.013713
27053110800,East Harriet,84.442266,6.4e-05,2.6e-05
27053110800,King Field,863337.393757,0.659441,0.400085
27053023600,Fulton,475.748429,0.000175,0.00021
27053023600,Linden Hills,9.409889,3e-06,3e-06
27053023802,Fulton,17.825286,1.2e-05,8e-06
27053023802,Armatage,288.862558,0.0002,0.000151
27053024700,Diamond Lake,0.008948,0.0,0.0
27053110900,Field,379181.933289,0.334285,0.423804
27053110900,Regina,754379.584971,0.665057,0.985093
27053110900,Northrop,235.924259,0.000208,0.00013
27053110900,Bryant,511.433496,0.000451,0.00066
27053023100,Linden Hills,160.598387,0.000167,4.5e-05
27053103900,University of Minnesota,730.406989,0.002711,0.00043
27053103900,Marcy Holmes,268741.639428,0.997289,0.12413
27053106700,Loring Park,192.14821,0.000257,0.000159
27053106700,Steven's Square - Loring Heights,101.770062,0.000136,0.000212
27053106700,Lowry Hill East,741499.105379,0.992635,0.696604
27053106700,Lowry Hill,4962.321955,0.006643,0.00317
27053106700,East Isles,51.622994,6.9e-05,5.9e-05
27053106700,Whittier,193.69445,0.000259,9.2e-05
27053009500,Bancroft,435.889245,0.00068,0.000456
27053009500,Regina,13.336661,2.1e-05,1.7e-05
27053009500,Central,320150.135812,0.499789,0.212133
27053009500,Powderhorn Park,590.115968,0.000921,0.000311
27053009500,Bryant,319381.349381,0.498589,0.412397
27053002400,Bottineau,2596.110567,0.00298,0.003551
27053002400,Hawthorne,24159.820878,0.027736,0.009875
27053002400,Near - North,113.17828,0.00013,4.1e-05
27053002400,Holland,228.873385,0.000263,0.000166
27053002400,Sheridan,842747.285374,0.967488,0.845404
27053002400,St. Anthony West,1221.794468,0.001403,0.000965
27053106400,Prospect Park - East River Road,11763.124419,0.018969,0.003566
27053106400,Seward,608365.013776,0.981031,0.233016
27053010700,Tangletown,136.820336,0.000157,7.6e-05
27053010700,Lynnhurst,341024.568824,0.39047,0.132401
27053010700,East Harriet,532099.483215,0.609249,0.165544
27053010700,King Field,108.627036,0.000124,5e-05
27053022000,Bryn - Mawr,878.257689,0.000506,0.000263
27053101300,Jordan,468032.693115,0.986172,0.227028
27053101300,Willard - Hay,6132.696375,0.012922,0.002237
27053101300,Cleveland,210.230292,0.000443,0.000218
27053101900,Holland,84.357073,0.000131,6.1e-05
27053101900,Audubon Park,166.460676,0.000259,9.6e-05
27053101900,Logan Park,0.438314,1e-06,1e-06
27053101900,Windom Park,643172.540212,0.99949,0.412141
27053101900,Northeast Park,76.814847,0.000119,4.1e-05
27053109400,Central,440155.253991,0.999228,0.291649
27053109400,Bryant,340.020361,0.000772,0.000439
27053000101,Shingle Creek,1287366.99094,0.643695,0.997747
27053000101,Lind - Bohanon,1812.686869,0.000906,0.000872
27053000101,Webber - Camden,699.409866,0.00035,0.000292
27053000101,Victory,694.465971,0.000347,0.000392
27053000101,Humboldt Industrial Area,708908.282628,0.35446,0.999564
27053000102,Shingle Creek,1367.251651,0.00055,0.00106
27053000102,Lind - Bohanon,2035812.123227,0.818401,0.979878
27053000102,Webber - Camden,656.083832,0.000264,0.000274
27053000102,Humboldt Industrial Area,66.879307,2.7e-05,9.4e-05
27053000102,Camden Industrial,440586.064428,0.177116,0.573216
27053000102,Columbia Park,6226.776054,0.002503,0.001606
27053000300,Webber - Camden,109.140734,0.000107,4.6e-05
27053000300,Victory,1015504.113044,0.999614,0.573841
27053000300,Cleveland,255.706057,0.000252,0.000265
27053000601,Holland,148.19722,3.9e-05,0.000107
27053000601,Audubon Park,366883.778091,0.097005,0.212669
27053000601,Columbia Park,2386033.460533,0.630873,0.615283
27053000601,Waite Park,988286.782937,0.261306,0.432198
27053000601,Marshall Terrace,40759.896311,0.010777,0.022392
27053000603,Audubon Park,319.672793,0.000246,0.000185
27053000603,Waite Park,1296603.098309,0.999638,0.567032
27053001100,Holland,168.495303,0.000259,0.000122
27053001100,Audubon Park,646551.082875,0.99319,0.374782
27053001100,Windom Park,11.866418,1.8e-05,8e-06
27053001100,Columbia Park,4252.890317,0.006533,0.001097
27053001700,Bottineau,728021.978392,0.757144,0.995792
27053001700,Hawthorne,33222.806674,0.034552,0.01358
27053001700,Holland,200283.425701,0.208295,0.145164
27053001700,Sheridan,8.649816,9e-06,9e-06
27053002200,Jordan,143.735549,0.000317,7e-05
27053002200,Hawthorne,453458.895342,0.999683,0.18535
27053002200,Near - North,0.0346,0.0,0.0
27053003200,Willard - Hay,646759.325772,0.998898,0.23589
27053003200,Near - North,671.522621,0.001037,0.000244
27053003300,Willard - Hay,5.773022,9e-06,2e-06
27053003300,Near - North,615858.599006,0.999991,0.224165
27053005901,Downtown East,984.599194,0.002149,0.001034
27053005901,Ventura Village,17493.03259,0.038183,0.014915
27053005901,Cedar Riverside,7282.047365,0.015895,0.0049
27053005901,Loring Park,5865.678651,0.012803,0.004844
27053005901,Steven's Square - Loring Heights,488.249844,0.001066,0.001015
27053005901,Elliot Park,426022.174628,0.929904,0.434508
27053005902,Phillips West,245.002519,0.000504,0.000247
27053005902,Ventura Village,463545.781706,0.953357,0.395236
27053005902,Steven's Square - Loring Heights,10850.737207,0.022316,0.022554
27053005902,Midtown Phillips,0.553849,1e-06,1e-06
27053005902,Elliot Park,5300.836796,0.010902,0.005406
27053005902,Whittier,6282.051689,0.01292,0.002997
27053006800,Steven's Square - Loring Heights,421.774489,0.000879,0.000877
27053006800,Lowry Hill East,6.040667,1.3e-05,6e-06
27053006800,Whittier,479319.189798,0.999108,0.228636
27053007700,Lowry Hill East,320152.320822,0.470983,0.300768
27053007700,South Uptown,85.101133,0.000125,8.9e-05
27053007700,East Isles,46.078501,6.8e-05,5.2e-05
27053007700,Whittier,359300.029712,0.528574,0.171387
27053007700,Lyndale,169.446962,0.000249,0.000135
27053008200,South Uptown,12.05095,1.9e-05,1.3e-05
27053008200,Whittier,100.199715,0.00016,4.8e-05
27053008200,Lyndale,627605.204239,0.999821,0.501274
27053008300,Phillips West,6.754742,1.4e-05,7e-06
27053008300,Central,273851.205058,0.582279,0.181455
27053008300,Lyndale,196451.478259,0.417707,0.156908
27053008400,Phillips West,47.562617,0.000102,4.8e-05
27053008400,Central,466383.571896,0.999677,0.309028
27053008400,Powderhorn Park,103.152079,0.000221,5.4e-05
27053008500,East Phillips,42.900268,4.4e-05,4.1e-05
27053008500,Midtown Phillips,67.954145,6.9e-05,7.1e-05
27053008500,Central,89.004296,9.1e-05,5.9e-05
27053008500,Powderhorn Park,979542.314663,0.999796,0.516789
27053009600,Bancroft,476592.746325,0.570473,0.498527
27053009600,Northrop,41.268557,4.9e-05,2.3e-05
27053009600,Central,25.869139,3.1e-05,1.7e-05
27053009600,Powderhorn Park,358764.862965,0.429435,0.189278
27053009600,Bryant,9.544618,1.1e-05,1.2e-05
27053010600,Fulton,419627.798334,0.414064,0.185402
27053010600,Lynnhurst,323723.987636,0.319432,0.125684
27053010600,Linden Hills,270085.549722,0.266504,0.07538
27053011000,Ericsson,1790.318206,0.001229,0.000759
27053011000,Field,344.425673,0.000236,0.000385
27053011000,Keewaydin,7.442742,5e-06,3e-06
27053011000,Bancroft,137.692187,9.5e-05,0.000144
27053011000,Standish,0.037266,0.0,0.0
27053011000,Regina,147.258178,0.000101,0.000192
27053011000,Northrop,1454568.957563,0.998334,0.798817
27053011000,Bryant,0.005903,0.0,0.0
27053011703,Field,228.398036,0.000128,0.000255
27053011703,Page,135.406889,7.6e-05,0.000159
27053011703,Diamond Lake,104881.706574,0.058714,0.03933
27053011703,Hale,1315139.556302,0.736233,0.998211
27053011703,Keewaydin,38.758902,2.2e-05,1.7e-05
27053011703,Wenonah,11.339542,6e-06,6e-06
27053011703,Northrop,365873.142719,0.204821,0.200929
27053011704,Page,0.007635,0.0,0.0
27053011704,Diamond Lake,1194173.675188,0.988466,0.447805
27053011704,Hale,139.068981,0.000115,0.000106
27053011704,Wenonah,1585.675174,0.001313,0.000845
27053011800,Ericsson,29893.498447,0.009679,0.01268
27053011800,Minnehaha,59.05184,1.9e-05,3.8e-05
27053011800,Diamond Lake,121.556261,3.9e-05,4.6e-05
27053011800,Hale,2204.462065,0.000714,0.001673
27053011800,Keewaydin,2275995.906254,0.736958,0.998603
27053011800,Wenonah,780031.372103,0.252571,0.415696
27053011800,Northrop,61.883431,2e-05,3.4e-05
27053011998,Hiawatha,7525.446708,0.004993,0.002343
27053011998,Ericsson,10542.107881,0.006994,0.004472
27053011998,Minnehaha,1488400.737259,0.987492,0.965179
27053011998,Keewaydin,613.410764,0.000407,0.000269
27053011998,Wenonah,0.051059,0.0,0.0
27053011998,Morris Park,66.024905,4.4e-05,4.7e-05
27053012001,Windom,1.003386,0.0,1e-06
27053012001,Kenny,1157660.614171,0.441443,0.696043
27053012001,Armatage,1434212.524502,0.546899,0.74841
27053012003,Windom,1108286.824103,0.428979,0.583136
27053012003,Page,13467.755143,0.005213,0.015815
27053012003,Diamond Lake,1342449.067346,0.519615,0.503407
27053012003,Kenny,13616.665216,0.005271,0.008187
27053012101,Keewaydin,90.688035,8.3e-05,4e-05
27053012101,Wenonah,1080459.416365,0.985793,0.575801
27053012101,Morris Park,53.054299,4.8e-05,3.8e-05
27053020101,Waite Park,667.432669,0.000357,0.000292
27053020102,Windom Park,0.054938,0.0,0.0
27053020102,Waite Park,77.63072,3.1e-05,3.4e-05
27053020400,Shingle Creek,1235.020926,0.00028,0.000957
27053020400,Victory,7735.875002,0.001755,0.004371
27053020400,Humboldt Industrial Area,0.504288,0.0,1e-06
27053020500,Shingle Creek,304.916438,0.000149,0.000236
27053020500,Lind - Bohanon,280.698762,0.000137,0.000135
27053110000,Regina,749.553381,0.001676,0.000979
27053110000,Central,35.886266,8e-05,2.4e-05
27053110000,Bryant,446484.724313,0.998244,0.576518
27053105600,Loring Park,274187.429809,0.568843,0.226451
27053105600,Steven's Square - Loring Heights,204996.622963,0.425296,0.426107
27053105600,Lowry Hill East,1895.726833,0.003933,0.001781
27053105600,Lowry Hill,913.027484,0.001894,0.000583
27053105600,Whittier,16.176927,3.4e-05,8e-06
27053002700,Willard - Hay,653105.014818,0.999841,0.238204
27053102500,Holland,408.231333,0.00043,0.000296
27053102500,Sheridan,154020.033275,0.162082,0.154506
27053102500,Logan Park,795148.896663,0.836771,0.995903
27053102500,Windom Park,231.98655,0.000244,0.000149
27053102500,Northeast Park,300.18769,0.000316,0.000158
27053102500,St. Anthony West,114.860899,0.000121,9.1e-05
27053102500,St. Anthony East,33.973201,3.6e-05,6.5e-05
27053108600,Standish,95.258757,0.000142,4.5e-05
27053108600,East Phillips,14.399955,2.1e-05,1.4e-05
27053108600,Powderhorn Park,195591.731872,0.291713,0.103191
27053108600,Corcoran,474792.311377,0.708123,0.402362
27053100700,Victory,22.766756,2.4e-05,1.3e-05
27053100700,Jordan,680.619341,0.000704,0.00033
27053100700,Cleveland,965571.3008,0.998757,0.998998
27053100700,Folwell,135.515171,0.00014,9.4e-05
27053008100,Lowry Hill East,97.988937,0.000156,9.2e-05
27053008100,South Uptown,627491.502351,0.999757,0.65872
27053008100,Whittier,0.029887,0.0,0.0
27053008100,Lyndale,54.363545,8.7e-05,4.3e-05
27053012102,Minnehaha,156.323763,0.000111,0.000101
27053012102,Wenonah,89.416028,6.3e-05,4.8e-05
27053012102,Morris Park,1387971.582118,0.981509,0.994032
27053980000,Diamond Lake,16451.618102,0.001005,0.006169
27053980000,Wenonah,14267.426927,0.000871,0.007603
27053980000,Morris Park,7934.5023,0.000485,0.005682
27053100800,Webber - Camden,43.958275,4.1e-05,1.8e-05
27053100800,Victory,0.067104,0.0,0.0
27053100800,Jordan,318.728664,0.000294,0.000155
27053100800,Cleveland,395.966545,0.000365,0.00041
27053100800,Folwell,1083306.180567,0.9993,0.751444
27053109200,South Uptown,323584.081035,0.666413,0.339688
27053109200,East Harriet,161581.459168,0.332773,0.05027
27053109200,King Field,344.236009,0.000709,0.00016
27053109200,Lyndale,5.868539,1.2e-05,5e-06
27053109200,East Bde Maka Ska,45.136926,9.3e-05,4e-05
27053007801,Phillips West,8129.792871,0.02995,0.008209
27053007801,Central,2.068873,8e-06,1e-06
27053007801,Whittier,263295.211912,0.969969,0.125592
27053007801,Lyndale,19.982555,7.4e-05,1.6e-05
27053106000,Ventura Village,681652.316687,0.997839,0.581202
27053106000,Seward,225.094042,0.00033,8.6e-05
27053106000,East Phillips,150.633884,0.000221,0.000145
27053106000,Midtown Phillips,41.458292,6.1e-05,4.3e-05
27053106000,Elliot Park,1058.880723,0.00155,0.00108
27053101600,Jordan,133.50874,0.000108,6.5e-05
27053101600,Hawthorne,1235943.371131,0.999779,0.505189
27053101600,Folwell,58.957263,4.8e-05,4.1e-05
27053101600,McKinley,80.331363,6.5e-05,5.1e-05
27053101800,Holland,1177238.677706,0.996928,0.853254
27053101800,Audubon Park,0.026953,0.0,0.0
27053101800,Sheridan,52.899443,4.5e-05,5.3e-05
27053101800,Logan Park,116.747757,9.9e-05,0.000146
27053101800,Windom Park,853.569368,0.000723,0.000547
27053101800,Columbia Park,2603.82856,0.002205,0.000671
27053102000,Jordan,220.016483,0.000266,0.000107
27053102000,Willard - Hay,818465.511603,0.989638,0.298515
27053125800,Ventura Village,236.418846,0.000247,0.000202
27053125800,East Phillips,1703.442561,0.001776,0.001644
27053125800,Midtown Phillips,957077.111161,0.997931,0.997643
27053125800,Powderhorn Park,44.194832,4.6e-05,2.3e-05
27053125700,Jordan,876762.04319,0.999323,0.425291
27053125700,Hawthorne,497.428724,0.000567,0.000203
27053125700,Cleveland,0.002754,0.0,0.0
27053125700,Folwell,96.385143,0.00011,6.7e-05
27053125600,Como,16155.915753,0.006455,0.005535
27053125600,Prospect Park - East River Road,2432561.239298,0.971862,0.737496
27053125600,University of Minnesota,51716.419441,0.020662,0.030453
27053125600,Seward,2505.210449,0.001001,0.00096
27053021200,Victory,7155.609574,0.002323,0.004043
27053021200,Cleveland,106.970087,3.5e-05,0.000111
27053021700,Willard - Hay,400.490275,6.4e-05,0.000146
27053021800,Willard - Hay,493.620943,0.000121,0.00018
27053021800,Harrison,659.515224,0.000161,0.000448
27053021800,Bryn - Mawr,6348.527343,0.001555,0.001898
27053105204,Downtown West,1100.811752,0.002693,0.000571
27053105204,Loring Park,407726.298795,0.997307,0.33674
27053105201,Downtown West,0.323127,1e-06,0.0
27053105201,Loring Park,500894.94147,0.997626,0.413688
27053105201,Lowry Hill,1191.732316,0.002374,0.000761
27053022801,Bryn - Mawr,3959.603739,0.002236,0.001184
27053022801,Cedar - Isles - Dean,4192.116962,0.002367,0.002262
27053022802,Cedar - Isles - Dean,1421.520607,0.001026,0.000767
27053022802,West Maka Ska,382.718569,0.000276,0.000222
27053022901,Linden Hills,85.364598,3.4e-05,2.4e-05
27053022901,West Maka Ska,316.699768,0.000127,0.000184
